"baseMean"	"log2FoldChange"	"lfcSE"	"stat"	"pvalue"	"padj"
"TRINITY_DN145857_c2_g1_i5"	543.383003973518	-0.966238579682599	1.7029536263164	-0.567389836546892	0.570449353460043	0.948246951584895
"TRINITY_DN134571_c44_g1_i3"	232.301110218067	1.26416600073762	1.91768216566618	0.659215600672003	0.509757330316036	0.913358790855523
"TRINITY_DN143867_c81_g1_i4"	182.77501223004	1.36427460953376	2.13207012158526	0.639882617237455	0.522248915665255	0.920679578086191
"TRINITY_DN145422_c2_g1_i16"	100.565609359191	0.395531468043821	2.11583806155731	0.186938440720128	0.851708899096557	0.972238563097009
"TRINITY_DN144440_c1_g1_i2"	128.38785519751	-1.46692767275523	2.1372913142117	-0.686348960949334	0.492493081251993	0.913358790855523
"TRINITY_DN383713_c2_g1_i1"	63.0706910638127	1.8479375700507	2.20306896872161	0.838801506574263	0.401580705154854	0.889508042919238
"TRINITY_DN144616_c7_g3_i6"	33.1280697508568	2.5265921558929	2.00678522661685	1.2590246940139	0.208021412607733	0.767973351692027
"TRINITY_DN144746_c5_g1_i1"	64.8282732789694	1.89295775138935	2.20900012248474	0.856929672443885	0.391483752882357	0.881753181364606
"TRINITY_DN143402_c2_g1_i6"	37.1820435028754	0.315881370257513	2.16214390747926	0.146096367205171	0.883845314198343	0.97393925305574
"TRINITY_DN144878_c1_g1_i1"	26.1361442571507	-2.60156134558995	1.96595361252016	-1.32330759435112	0.185733107200973	0.749228319720478
"TRINITY_DN141259_c3_g4_i3"	18.3843935781886	1.48083225589197	1.87180465845074	0.791125424977641	0.428870803864035	0.901943195277258
"TRINITY_DN145462_c0_g1_i9"	8.05103762167838	1.3539560291823	2.00594799445411	0.674970653738584	0.499694409816708	0.913358790855523
"TRINITY_DN145289_c1_g1_i1"	3.22721228600375	-0.11496030081484	1.95932325661481	-0.0586734733162208	0.953212188154557	0.992492910193893
"TRINITY_DN145036_c19_g2_i1"	917.721698432499	6.00853989169018	2.42836300498927	2.47431701081969	NA	NA
"TRINITY_DN143096_c2_g1_i1"	549.781907653567	5.38403184141016	2.29108465092419	2.34999254140973	0.0187737872577134	0.700397880057132
"TRINITY_DN145036_c19_g2_i2"	360.277797628214	6.53520676829543	2.5437263524846	2.56914693748883	NA	NA
"TRINITY_DN143867_c72_g1_i3"	690.504099602075	-2.62752746234275	2.21965171439443	-1.18375664312705	NA	NA
"TRINITY_DN145245_c6_g1_i2"	66.6910138310623	3.73604595205924	2.29008521184365	1.63140040935486	0.10280585858389	0.700397880057132
"TRINITY_DN145050_c1_g1_i3"	67.3493213346203	-3.16687424113849	2.53328103683648	-1.25010774370823	0.211260191404538	0.767973351692027
"TRINITY_DN134571_c44_g1_i1"	47.7770198751349	0.7165849425789	2.24298371594118	0.319478441812144	0.749363736479592	0.969762033608509
"TRINITY_DN143383_c0_g7_i3"	38.9059324034985	1.98923193692085	2.28490824524556	0.870595981724889	0.383974791275331	0.881753181364606
"TRINITY_DN142862_c0_g1_i1"	86.8846620554677	1.86351630579743	2.64053833720827	0.705733478487437	0.480353897239878	0.913358790855523
"TRINITY_DN145220_c3_g1_i7"	24.4983663247827	1.97786173184755	2.3844139987665	0.829495940248099	NA	NA
"TRINITY_DN144616_c7_g3_i15"	23.8751620543907	0.525498308574393	2.16936376635437	0.242236141639581	0.808597191829362	0.972238563097009
"TRINITY_DN141619_c2_g1_i5"	26.0041643751137	-3.58247661804451	2.38639921894067	-1.50120591291292	NA	NA
"TRINITY_DN145323_c2_g1_i1"	23.622133226265	-1.44976008938133	2.21653917302177	-0.654064727132659	0.513070105246321	0.913358790855523
"TRINITY_DN139162_c6_g4_i3"	13.9313003769073	2.73775487763173	2.20075596524889	1.2440065690437	0.213497145257615	0.767973351692027
"TRINITY_DN143867_c72_g1_i2"	23.5366909391661	-1.52795727232514	2.29347301215862	-0.666219861417519	0.505270579695282	0.913358790855523
"TRINITY_DN144001_c5_g1_i7"	21.4172456001534	-3.02413802856932	2.11191611448279	-1.43194041081027	0.15216087580685	0.700397880057132
"TRINITY_DN143899_c4_g1_i2"	15.100390713743	-0.645048402189704	2.16469342629255	-0.297986030887742	0.765713825317752	0.971343557639145
"TRINITY_DN612476_c4_g1_i1"	9.97698091536028	2.2228295330654	2.3672871337627	0.938977575370124	NA	NA
"TRINITY_DN30312_c0_g1_i2"	6.14112439060745	1.93871277351489	2.11315605038924	0.917448937648394	0.358907438692738	0.868191322537911
"TRINITY_DN145462_c0_g1_i7"	6.09241935435195	-0.312354865219242	2.22424484525612	-0.140431871017003	0.888318777919916	0.97393925305574
"TRINITY_DN144672_c0_g1_i1"	3.44101267964599	-1.23373527349384	1.98507492520035	-0.621505645873452	0.534266980899014	0.928840301654708
"TRINITY_DN133023_c1_g2_i1"	1.92622553982034	-0.783927525442226	2.0020375279283	-0.391564850561732	0.695379763275528	0.955738832541243
"TRINITY_DN145589_c0_g1_i5"	63.3897815199181	-5.02710091556268	2.58090497003226	-1.94780550773237	0.0514382395172573	0.700397880057132
"TRINITY_DN145558_c2_g1_i3"	16.3091318375258	4.48439688055546	2.66103793747829	1.68520591811069	NA	NA
"TRINITY_DN145655_c4_g1_i2"	20.7094831811105	-1.69148967710832	2.50543989541366	-0.675126823119839	0.499595193305639	0.913358790855523
"TRINITY_DN147836_c1_g1_i1"	12.2977313573992	-4.06128059031303	2.39091590980747	-1.6986296229214	0.0893889913197895	0.700397880057132
"TRINITY_DN143335_c2_g2_i1"	20.6564595213755	-0.061797150826538	2.66087758698124	-0.0232243494134756	0.981471315820585	0.99364743441072
"TRINITY_DN142228_c6_g1_i1"	13.7807671077806	-5.5550941502163	2.51415231193533	-2.20952967878868	0.0271378204365798	0.700397880057132
"TRINITY_DN144626_c2_g1_i3"	7.4598635640324	1.22818524090797	2.47283790117389	0.496670339905796	0.619421541546203	0.955738832541243
"TRINITY_DN137258_c5_g1_i6"	9.47740354765076	-1.06496267033634	2.53220517861021	-0.420567290254433	0.674071083176067	0.955738832541243
"TRINITY_DN145419_c1_g1_i2"	6.52946754504542	1.86367654969535	2.4971041603239	0.746335126626681	0.455464997197054	0.913358790855523
"TRINITY_DN140720_c2_g2_i2"	4.72671512557912	1.48713823931833	2.38915319700822	0.622454115198883	0.533643306405506	0.928840301654708
"TRINITY_DN138543_c2_g6_i1"	4.22342192415552	-3.81379975001614	2.38051322057316	-1.60209139653418	0.109135400230558	0.700397880057132
"TRINITY_DN145735_c4_g1_i1"	2.90987477493102	-1.15035842684665	2.17860616928493	-0.528024956077409	0.597482014810182	0.95503597372203
"TRINITY_DN144424_c2_g1_i2"	3.36448050729751	-0.372686702645091	2.2973200185389	-0.162226724895785	0.871127315123482	0.972238563097009
"TRINITY_DN140278_c0_g1_i1"	2.00385057867222	-1.64080319122658	2.13075182041328	-0.770058331292815	0.44126529195137	0.913358790855523
"TRINITY_DN135950_c1_g1_i1"	1.17487801018008	-2.57775409363735	2.210025474422	-1.16639112239714	0.243456346202575	0.767973351692027
"TRINITY_DN145418_c1_g1_i2"	8.50567483808248	-6.5363190502755	2.64099746375018	-2.47494332728136	0.0133257319588847	0.700397880057132
"TRINITY_DN144897_c3_g1_i5"	7.19411171253491	-6.29657296287327	2.647607808259	-2.37821211405693	0.0173968153786017	0.700397880057132
"TRINITY_DN141075_c3_g1_i2"	1.67970602344987	-4.21725004774099	2.32554901512985	-1.81344276998845	0.069763557958496	0.700397880057132
"TRINITY_DN142228_c6_g1_i2"	122.2572194052	3.40996296725822	2.51172497338673	1.35761797306189	NA	NA
"TRINITY_DN144653_c7_g8_i1"	108.422262366823	3.3266614853787	2.18767780863066	1.52063593288491	0.128351224320319	0.700397880057132
"TRINITY_DN145854_c3_g1_i2"	19.088940626534	1.58615160655455	2.27846223849172	0.69615005232851	0.486334863794986	0.913358790855523
"TRINITY_DN143840_c6_g1_i2"	38.6682865155428	2.9550972401062	2.40545896115527	1.22849621956841	0.219260747665193	0.767973351692027
"TRINITY_DN612741_c0_g1_i1"	7.20307791143858	-3.61795341026872	2.35029591678587	-1.53936080322023	0.123716237582121	0.700397880057132
"TRINITY_DN143910_c0_g2_i1"	12.8218891581016	3.08499815372726	2.21674755233187	1.39167770839852	0.164020015543332	0.731336304599091
"TRINITY_DN142273_c1_g1_i3"	12.0571200283138	3.69694638542344	2.30805787703071	1.60175636071117	0.109209496564656	0.700397880057132
"TRINITY_DN143469_c1_g1_i3"	6.788848863818	1.91387739288256	2.08929726861094	0.916038814407197	0.359646537304623	0.868191322537911
"TRINITY_DN142033_c4_g1_i1"	12.2460362365017	3.2768925881897	2.28092422169905	1.43665122980226	0.150817119170723	0.700397880057132
"TRINITY_DN143036_c3_g1_i1"	4.13524833068089	1.25578598469314	2.01666524044755	0.622704234449172	0.533478899573893	0.928840301654708
"TRINITY_DN1091132_c10_g1_i1"	509.360109478859	5.99880104977208	2.71485114172784	2.20962429857359	NA	NA
"TRINITY_DN145547_c6_g1_i1"	201.47267760277	5.37550142580405	2.57383347933756	2.08851950561602	0.0367509977577359	0.700397880057132
"TRINITY_DN145983_c5_g3_i1"	188.959171865927	4.7519912634084	2.79260458199555	1.70163412824192	NA	NA
"TRINITY_DN145803_c5_g1_i4"	109.144191845328	2.59885388571509	2.72600087461016	0.95335768594966	0.340408872937559	0.848782650285097
"TRINITY_DN145470_c2_g1_i4"	100.707508123709	6.64032845515681	2.78895403458438	2.38093865040926	NA	NA
"TRINITY_DN143018_c39_g5_i1"	130.111152255966	0.539103990537375	2.70337646940924	0.199418762661341	0.841935184748443	0.972238563097009
"TRINITY_DN85643_c0_g1_i1"	87.8920456746616	-2.91633925910517	2.90371199212642	-1.00434866371492	NA	NA
"TRINITY_DN145843_c6_g1_i1"	57.4583528742251	4.30001252741758	2.61194465670619	1.64628776355473	0.0997045275460382	0.700397880057132
"TRINITY_DN383657_c1_g2_i1"	52.28007678706	0.30076828395091	2.57736163242704	0.116696190463456	0.907100809220161	0.980093336761262
"TRINITY_DN145036_c19_g2_i4"	51.7735962016062	-3.93509084875401	2.64224116500541	-1.48930040939164	0.136408279982284	0.700397880057132
"TRINITY_DN145300_c5_g1_i3"	41.2437984613639	0.851149781922827	2.70510850005085	0.314645339329949	0.753030950487959	0.969762033608509
"TRINITY_DN144690_c1_g2_i9"	39.171123449319	0.535007270194726	2.61371485791979	0.204692286373017	0.837812547392398	0.972238563097009
"TRINITY_DN138674_c4_g1_i1"	107.091271967836	3.56959032980137	2.79039253214438	1.27924307733801	NA	NA
"TRINITY_DN142782_c2_g5_i1"	32.3426430150944	3.99037263983426	2.5621925316055	1.5574054606013	0.119374250501029	0.700397880057132
"TRINITY_DN145401_c1_g1_i2"	29.5767523273355	1.92004210658703	2.51987980227671	0.761957814357761	0.446085182463631	0.913358790855523
"TRINITY_DN145551_c2_g2_i1"	62.29760702179	0.352833081182036	2.88413378915418	0.12233589249877	NA	NA
"TRINITY_DN145099_c5_g3_i1"	23.0988740064997	4.021690216302	2.58799672547409	1.55397809306164	NA	NA
"TRINITY_DN145360_c4_g1_i1"	22.7482889804635	3.62040957964589	2.48065512620891	1.45945703672998	0.144439357354136	0.700397880057132
"TRINITY_DN144063_c5_g2_i1"	41.5404509931754	-0.706386864159643	2.69907111742269	-0.261714802399932	0.793541327537747	0.972238563097009
"TRINITY_DN145506_c2_g2_i9"	28.947352320029	-1.83740557375158	2.56616878635281	-0.716011192842466	0.473984437659789	0.913358790855523
"TRINITY_DN384726_c3_g1_i1"	19.1005918225161	0.401423683320205	2.58050836398041	0.15555992335596	0.876379916812224	0.972238563097009
"TRINITY_DN145774_c5_g2_i5"	20.6437862259627	3.25468289888525	2.47431944166036	1.31538508896056	0.188380514260204	0.75153910425913
"TRINITY_DN143072_c7_g3_i1"	20.559418636542	0.584324677331442	2.55432064611906	0.228759329107425	0.81905597924624	0.972238563097009
"TRINITY_DN145261_c61_g1_i4"	29.9028380693952	-0.981985361002688	2.72499636445553	-0.360362081143141	0.71857637925777	0.958945238516532
"TRINITY_DN142309_c15_g5_i3"	16.8660698362139	-1.44938284054049	2.49578804288559	-0.580731542757431	0.561421399391818	0.948246951584895
"TRINITY_DN1092506_c0_g1_i1"	21.8399879315719	0.406090067356065	2.59554100954016	0.15645681030022	0.875672960319666	0.972238563097009
"TRINITY_DN145741_c0_g1_i2"	29.5132038384301	0.597738096197445	2.65364752407681	0.225251504118052	0.821783624290432	0.972238563097009
"TRINITY_DN143379_c0_g1_i1"	11.0480370679322	0.282809707545387	2.50948667801826	0.112696237849217	0.910271384010459	0.980093336761262
"TRINITY_DN143867_c72_g1_i1"	11.8486991478436	-0.819724387281765	2.57675354282696	-0.318122930135741	0.750391690710832	0.969762033608509
"TRINITY_DN142945_c3_g4_i1"	14.2536415940596	-1.45713241298682	2.51497409290808	-0.579382673203576	0.562330992736741	0.948246951584895
"TRINITY_DN143163_c3_g1_i8"	10.2446815111807	3.95362468825162	2.4614098541192	1.60624395065095	0.108220320051312	0.700397880057132
"TRINITY_DN7230_c1_g2_i2"	28.7201054698692	4.90302315968325	2.61559662459599	1.87453337168937	0.0608569468668629	0.700397880057132
"TRINITY_DN140481_c3_g1_i1"	9.32263298031837	1.04522381160015	2.41198681408425	0.433345574485233	0.664763733533513	0.955738832541243
"TRINITY_DN144003_c14_g1_i1"	28.0104130750625	4.7976791714898	2.63057241926452	1.82381565941879	0.0681799456659994	0.700397880057132
"TRINITY_DN133076_c0_g4_i1"	8.32870943964883	3.85830945939785	2.45061995584532	1.57442179077782	0.115389969354552	0.700397880057132
"TRINITY_DN144465_c6_g1_i3"	7.76313890069724	-0.636380602406145	2.5228305837344	-0.252248647415772	0.800848878272853	0.972238563097009
"TRINITY_DN144708_c3_g1_i8"	7.56635401436183	2.04556569844839	2.45375417616293	0.833647363016269	0.404479727701672	0.889508042919238
"TRINITY_DN145458_c4_g1_i1"	9.18496161100734	-1.48510373265697	2.42691694421689	-0.61193018417702	0.5405839501201	0.931278714070536
"TRINITY_DN145435_c1_g1_i3"	10.7208337332518	-2.04891798936814	2.54570860016578	-0.804851737247035	0.420905241840025	0.896951224113783
"TRINITY_DN144616_c7_g3_i9"	6.36019383872722	1.23552800365078	2.37070673507652	0.521164421296887	0.602252236727085	0.95503597372203
"TRINITY_DN141075_c3_g1_i1"	8.74920418939075	-3.80198206296975	2.48405616708328	-1.53055398398417	0.125879661825443	0.700397880057132
"TRINITY_DN145752_c9_g3_i1"	6.35408994480013	1.58749286814472	2.42306715068084	0.655158429141619	0.512365756213225	0.913358790855523
"TRINITY_DN70273_c9_g4_i1"	5.43976416993045	-0.941073876190867	2.31883821616768	-0.405838522769463	0.684861251550757	0.955738832541243
"TRINITY_DN141994_c15_g1_i7"	6.81871676268913	-4.04815429678878	2.43183887204307	-1.66464741695152	0.0959831194076694	0.700397880057132
"TRINITY_DN143516_c8_g1_i1"	6.85221037038067	1.53199960582898	2.39439760725801	0.639826736037954	0.522285248782404	0.920679578086191
"TRINITY_DN143775_c12_g5_i4"	4.26858671194064	2.31772838903278	2.22513429022595	1.0416128137585	0.297591225437905	0.817297640876566
"TRINITY_DN142785_c1_g1_i1"	5.87674103885808	-0.384996510117888	2.33671366515972	-0.164759814545601	0.869133035038298	0.972238563097009
"TRINITY_DN144643_c3_g1_i1"	3.8101945078809	2.85679992716517	2.25271086536446	1.26816093937691	0.204740482903671	0.767973351692027
"TRINITY_DN142033_c3_g2_i1"	8.5420116234779	1.49886069964099	2.57908592424205	0.581159660309296	0.561132852514798	0.948246951584895
"TRINITY_DN143867_c81_g1_i3"	4.07921917641075	-0.0714216696100773	2.26891654189297	-0.0314783149980871	0.974888085698409	0.99364743441072
"TRINITY_DN144633_c0_g1_i1"	3.61134973359222	-3.57775303391013	2.37309904576894	-1.50762903903611	0.131649496268895	0.700397880057132
"TRINITY_DN143156_c8_g1_i3"	3.75967891768097	0.313301616723108	2.28232742283205	0.137272861723908	0.890815120551467	0.97393925305574
"TRINITY_DN145292_c1_g1_i1"	3.477608828327	-0.152150846672163	2.1544402517272	-0.0706219847824438	0.94369861277121	0.985294143912641
"TRINITY_DN143218_c3_g1_i1"	3.61602692126734	1.82283129030709	2.25097687199636	0.809795654937336	0.418057630293155	0.896951224113783
"TRINITY_DN144114_c2_g1_i1"	2.99726807616374	-1.23168330967825	2.19901943135167	-0.560105696256252	0.575407345305643	0.951411425643601
"TRINITY_DN140061_c3_g1_i4"	4.42609323990149	-2.69942597108403	2.38700647927836	-1.1308833865839	0.258104176673733	0.767973351692027
"TRINITY_DN140874_c2_g1_i6"	2.28134916048094	2.56154266053968	2.24353578512128	1.14174361627185	0.253560605268876	0.767973351692027
"TRINITY_DN144616_c7_g3_i10"	2.38318641873527	0.854062035687874	2.17718066298659	0.392278900050626	0.694852152141746	0.955738832541243
"TRINITY_DN144616_c7_g3_i13"	2.13114927558241	0.353054029791679	2.16274182947409	0.163243723767774	0.870326541319084	0.972238563097009
"TRINITY_DN145098_c7_g1_i1"	2.46832729995189	0.243802832677593	2.15137032192536	0.113324438007215	0.909773343310009	0.980093336761262
"TRINITY_DN142388_c1_g1_i2"	3.66761790301835	-0.024287684168785	2.23465211229756	-0.0108686645384876	0.991328231098128	0.993950792556059
"TRINITY_DN145772_c1_g1_i3"	2.37463458666052	-0.157240704162495	2.12470158682577	-0.0740060181333074	0.941005596616889	0.985196467176246
"TRINITY_DN137054_c3_g1_i1"	1.91608277927503	0.0799031588911631	2.10568678094355	0.0379463648697832	0.969730445828815	0.99364743441072
"TRINITY_DN144044_c6_g1_i2"	1.84485660894218	2.21444133497067	2.1809533882901	1.01535472828552	0.309936765048578	0.824715445121931
"TRINITY_DN1311281_c5_g1_i1"	2.77522456961698	-2.60965693011199	2.2623997813075	-1.15349062162824	0.248709064741234	0.767973351692027
"TRINITY_DN136198_c0_g3_i1"	1.67102264636157	0.507516298668241	2.10004714367804	0.24166900262028	0.809036650013656	0.972238563097009
"TRINITY_DN143273_c2_g1_i1"	1.67044450464121	0.505873506780374	2.14046207608193	0.23633845814562	0.813170046758321	0.972238563097009
"TRINITY_DN139116_c3_g1_i4"	1.72385732409065	0.493998530074442	2.09838269030283	0.235418702392722	0.813883771527417	0.972238563097009
"TRINITY_DN145571_c1_g1_i8"	1.91209593409784	-0.434059418457015	2.15598783785199	-0.201327396581916	0.840442581745683	0.972238563097009
"TRINITY_DN144559_c1_g1_i11"	1.32103090303606	0.979670707725554	2.17024512896386	0.45141016314285	0.651693959793798	0.955738832541243
"TRINITY_DN144384_c5_g1_i3"	1.21031787542037	0.796373010233142	2.13270148005659	0.373410445709453	0.708842986281322	0.955738832541243
"TRINITY_DN141702_c1_g2_i1"	1.08931859056883	-1.60033830492513	2.18371141171602	-0.732852471411296	0.463648414143066	0.913358790855523
"TRINITY_DN142596_c3_g1_i2"	0.886272776658395	0.0682806900418207	2.20236685712039	0.0310033225486776	0.975266889937281	0.99364743441072
"TRINITY_DN145216_c2_g1_i2"	0.907279936159908	0.753680500671773	2.2580311564264	0.333777724247419	0.738547293860602	0.969762033608509
"TRINITY_DN143140_c4_g1_i2"	0.900980524101257	-0.618792238146418	2.18619791354166	-0.283044931254174	0.777142394497528	0.972238563097009
"TRINITY_DN142174_c7_g1_i1"	1.16213400821324	-0.890145511007026	2.21922059223989	-0.40110726897527	0.688341149323777	0.955738832541243
"TRINITY_DN127733_c0_g2_i2"	0.757443298143012	-0.902314054681181	2.26581045734991	-0.39823015722883	0.690460538118091	0.955738832541243
"TRINITY_DN145700_c5_g7_i1"	198.95159564358	6.14556967565012	3.02413593996226	2.03217375067036	NA	NA
"TRINITY_DN145694_c4_g1_i4"	45.1153951813871	6.58232513105483	3.02255073816329	2.17773850673379	NA	NA
"TRINITY_DN391824_c1_g1_i1"	28.9350332195979	-1.69749716196868	2.96045252970993	-0.573391109951358	NA	NA
"TRINITY_DN140448_c4_g7_i2"	87.6720616948823	7.19889355761979	3.10070631478003	2.32169474526016	NA	NA
"TRINITY_DN137133_c9_g1_i1"	32.0282543497613	-1.13721638526553	2.99069894698112	-0.380251040116715	NA	NA
"TRINITY_DN145733_c3_g1_i1"	19.6215804951167	3.83135146593851	2.83264340721898	1.3525710494213	NA	NA
"TRINITY_DN136668_c3_g2_i2"	15.8398150876444	4.50492137209735	2.84059662115009	1.5859067558397	NA	NA
"TRINITY_DN1090249_c1_g1_i1"	12.6800345954518	3.24588265938867	2.83606501755384	1.14450220262873	NA	NA
"TRINITY_DN143985_c1_g7_i1"	14.5296457827318	-0.796537125886932	2.76374307290869	-0.288209542230935	0.773186344911467	0.972238563097009
"TRINITY_DN143876_c11_g4_i1"	12.62736688188	-0.269502076362326	2.83953853938457	-0.0949105189538076	0.924385901322316	0.981350858826772
"TRINITY_DN145098_c6_g1_i1"	12.9670763982107	-1.98341989535106	2.852225173678	-0.695393867796699	NA	NA
"TRINITY_DN144632_c9_g3_i1"	13.1867866253229	-1.47864621208637	2.74407303833633	-0.538850894793543	0.589989742497962	0.953010955036311
"TRINITY_DN140466_c1_g1_i9"	20.7355654009286	-5.38439899123021	2.87943543786176	-1.86994954650854	NA	NA
"TRINITY_DN145786_c1_g1_i4"	10.2972901825779	-0.909725735387525	2.84710935473711	-0.31952609543216	0.749327606376606	0.969762033608509
"TRINITY_DN144771_c2_g7_i2"	10.6591824392869	-0.545274401653648	2.75652073443633	-0.19781255219368	0.843191725000055	0.972238563097009
"TRINITY_DN144811_c2_g1_i2"	10.3399059709784	-0.22908852432226	2.76422796948006	-0.0828761328123563	0.933950031997595	0.98353724483643
"TRINITY_DN60060_c0_g9_i1"	14.6149594332867	-2.49814519098216	2.78424305328583	-0.897243934229797	0.369588766277508	0.880969449177205
"TRINITY_DN144610_c1_g1_i1"	9.12452109572343	-1.07862180604896	2.82232937083963	-0.382174319267376	0.702332068959486	0.955738832541243
"TRINITY_DN145502_c1_g1_i5"	8.05731314699055	0.459112126902269	2.78434496565409	0.164890533524253	0.869030143562937	0.972238563097009
"TRINITY_DN140823_c6_g1_i4"	6.71164011015736	1.61634802156915	2.69197474239719	0.600432090283952	0.548218306607537	0.940157186444599
"TRINITY_DN1312543_c0_g2_i1"	8.71910706608329	-0.584979994720373	2.75445895144993	-0.21237564437562	0.831813985363006	0.972238563097009
"TRINITY_DN144937_c0_g1_i11"	6.87964861530416	1.38730922049314	2.72051331629837	0.509943918370805	0.610090752235391	0.955738832541243
"TRINITY_DN145295_c7_g1_i8"	6.04015878810225	3.35777753388985	2.72760912710866	1.23103325198548	0.218310427950927	0.767973351692027
"TRINITY_DN6818_c3_g1_i1"	7.70724457448755	-1.23769352985205	3.04397543570124	-0.406604309396118	0.684298631641616	0.955738832541243
"TRINITY_DN144731_c2_g1_i1"	5.11562517045463	3.32930459628814	2.66870089062567	1.24753755956052	0.212200457223935	0.767973351692027
"TRINITY_DN143981_c3_g1_i2"	5.71747291594275	-0.25519400238072	2.593887155752	-0.0983828466920092	0.921628294952843	0.981171696031257
"TRINITY_DN145768_c0_g1_i4"	5.52140411227171	0.399245307213505	2.58640391732514	0.15436309253135	0.877323452715507	0.972238563097009
"TRINITY_DN145016_c4_g1_i5"	6.92028632499844	-1.10813163422951	2.70261660469806	-0.410021766425621	0.681789980564344	0.955738832541243
"TRINITY_DN142402_c3_g5_i2"	5.32676663374548	0.399979927325049	2.57649180021753	0.155242072686309	0.876630481115766	0.972238563097009
"TRINITY_DN145355_c1_g1_i3"	7.51471601928689	-1.82231865274819	2.74347397274521	-0.66423763113915	0.506538231894631	0.913358790855523
"TRINITY_DN143683_c0_g2_i1"	7.23612603153794	-4.60992837961844	2.65290888263943	-1.73768816930943	0.0822657744546467	0.700397880057132
"TRINITY_DN145075_c9_g1_i1"	5.44997429838295	0.449070696437169	2.58423091149513	0.173773440461385	0.862043518233434	0.972238563097009
"TRINITY_DN145190_c4_g1_i1"	4.77629418252943	3.71274346232474	2.6971471220865	1.37654465784298	0.168653071259397	0.733962652266666
"TRINITY_DN145264_c2_g1_i1"	5.3611537022464	-2.11491802028394	2.55809404711692	-0.826755381674708	0.408375724189835	0.889508042919238
"TRINITY_DN145190_c3_g1_i9"	4.66789372179519	3.67764860089571	2.6889119435036	1.36770882727524	0.171403235765217	0.733962652266666
"TRINITY_DN142485_c6_g9_i2"	6.04021350393831	-1.15736821923325	2.61165908152619	-0.443154402280146	0.657654057642111	0.955738832541243
"TRINITY_DN144448_c2_g1_i3"	8.78848267248255	-4.43577320181426	2.72950113274502	-1.62512231579595	0.104136498794346	0.700397880057132
"TRINITY_DN385865_c1_g1_i1"	4.48318980451184	-4.632638747712	2.64256190846216	-1.75308617477498	0.0795872162698932	0.700397880057132
"TRINITY_DN144518_c0_g1_i3"	3.96560891954554	1.91349759473089	2.52952891575431	0.75646401304738	0.449371040877773	0.913358790855523
"TRINITY_DN143020_c3_g1_i1"	7.58215637287451	-5.38418848400831	2.76879117963021	-1.94459897287285	0.0518232630327431	0.700397880057132
"TRINITY_DN143227_c3_g4_i4"	4.57068256220494	-3.93009567091473	2.51890025354686	-1.56024267550125	0.118702544282349	0.700397880057132
"TRINITY_DN142115_c6_g1_i3"	12.4392695272053	5.12899822984823	2.97560685300792	1.72368141465447	0.0847653719612395	0.700397880057132
"TRINITY_DN135543_c0_g2_i1"	3.66806776979712	2.55775859344532	2.54833578514433	1.00369763213934	0.31552437874058	0.824715445121931
"TRINITY_DN140607_c1_g1_i1"	4.30290238229337	0.821513040768255	2.57863011253694	0.318585064517076	0.750041180540382	0.969762033608509
"TRINITY_DN144823_c1_g2_i1"	6.38234305729285	-3.04942481880293	2.72498002686715	-1.11906318165157	0.26311318570771	0.767973351692027
"TRINITY_DN143119_c4_g2_i2"	4.73163792832902	-2.55257846286419	2.51719930141921	-1.01405497030968	0.310556523022716	0.824715445121931
"TRINITY_DN142562_c4_g9_i3"	3.51479437001121	-0.735348176823278	2.42007871343176	-0.303852999797898	0.761239886461671	0.971343557639145
"TRINITY_DN136156_c0_g2_i2"	3.80673690884153	0.792399229573471	2.53746636686892	0.312279697543831	0.754827968112164	0.969762033608509
"TRINITY_DN141725_c1_g2_i1"	4.01610949272866	-2.56977043183423	2.44267896884767	-1.05202953994667	0.292785996946977	0.815925682668415
"TRINITY_DN144044_c6_g1_i4"	3.04214101521542	2.49259882115421	2.49778564970268	0.997923429278616	0.318316489919183	0.826314723831304
"TRINITY_DN143169_c2_g1_i6"	3.21376589761594	-2.52525471689126	2.47056460978197	-1.02213668361182	0.306716213060396	0.824715445121931
"TRINITY_DN143516_c6_g1_i3"	2.93348635004744	2.95574651178784	2.54702361654131	1.16047079131585	0.24585717915646	0.767973351692027
"TRINITY_DN1325184_c0_g1_i1"	3.22074290785533	-1.62702530816086	2.39512971458689	-0.67930571703566	0.496944174785752	0.913358790855523
"TRINITY_DN141241_c4_g5_i1"	2.98685027391435	0.684836261736473	2.40122905662744	0.285202388271253	0.775489090740079	0.972238563097009
"TRINITY_DN142371_c5_g1_i1"	3.47975706124758	-0.511067987908861	2.41669925610745	-0.21147355700851	0.832517764070979	0.972238563097009
"TRINITY_DN143949_c4_g1_i1"	2.91331153670004	2.16977105854108	2.48255288175397	0.874007991728294	0.382113901560226	0.881753181364606
"TRINITY_DN138312_c4_g6_i3"	3.65338738027229	-0.622926567838196	2.45291094445022	-0.253954008908307	0.799531089051585	0.972238563097009
"TRINITY_DN143948_c6_g3_i3"	2.70396631073095	2.82646060266625	2.52606455450921	1.11891859518032	0.26317486918407	0.767973351692027
"TRINITY_DN142193_c5_g3_i1"	2.82373721359941	-0.870603635184273	2.35845975834547	-0.369140763205147	0.71202280654631	0.955738832541243
"TRINITY_DN144196_c3_g1_i4"	2.54228457556083	-0.905176126100803	2.38697944024732	-0.379214043840703	0.704528923578614	0.955738832541243
"TRINITY_DN142922_c7_g5_i2"	2.06628266417357	2.38949734349186	2.46610820064962	0.968934511009056	0.332577865212667	0.840313406104004
"TRINITY_DN142655_c6_g9_i2"	3.00856238951464	-3.2744865876436	2.42113541788728	-1.35245908322673	0.176228499620756	0.733962652266666
"TRINITY_DN144971_c2_g1_i1"	2.14041079439107	-2.77466777056171	2.3920625673485	-1.15994782429011	0.246070049708937	0.767973351692027
"TRINITY_DN139333_c4_g6_i1"	2.79196984223721	-1.03432074182823	2.44616028996643	-0.422834409531858	0.672416080455497	0.955738832541243
"TRINITY_DN145016_c4_g1_i1"	2.16907256231272	-0.800554369201938	2.31861113753641	-0.345273235447558	0.729888965889563	0.969762033608509
"TRINITY_DN142175_c5_g7_i1"	1.78810648418411	-3.27634001689393	2.41269819960432	-1.35795683746572	0.174477380498949	0.733962652266666
"TRINITY_DN144811_c2_g1_i1"	1.96115866148845	-3.40660943568581	2.37240137220839	-1.43593300678068	0.151021405233785	0.700397880057132
"TRINITY_DN145049_c1_g1_i5"	1.84281908376481	-0.093448750324885	2.30290724929725	-0.0405785992264351	0.967631845444988	0.99364743441072
"TRINITY_DN145429_c4_g2_i2"	1.72239794063364	-1.86545804505472	2.29980329019194	-0.811138088640195	0.417286374730067	0.896951224113783
"TRINITY_DN145141_c0_g1_i13"	1.65029052856415	-2.36070008196923	2.34796900542934	-1.00542216550152	0.314693611108317	0.824715445121931
"TRINITY_DN145209_c1_g1_i7"	1.81762143553021	-4.33057909877059	2.49659168276267	-1.73459646151608	0.0828123066845665	0.700397880057132
"TRINITY_DN141429_c0_g1_i4"	2.62490924634009	-3.8007761205495	2.45191969914532	-1.55012259246269	0.12111209440172	0.700397880057132
"TRINITY_DN136603_c6_g1_i2"	1.54876762160893	-1.68086032304954	2.32448474040143	-0.723110930278363	0.4696117345591	0.913358790855523
"TRINITY_DN144978_c2_g1_i6"	1.79382775452239	-1.90685477410676	2.29869033930962	-0.829539647641041	0.406799111521789	0.889508042919238
"TRINITY_DN136118_c0_g1_i1"	1.31698391099351	0.967721447062178	2.34304173570958	0.413019295522326	0.67959247676936	0.955738832541243
"TRINITY_DN137350_c1_g1_i5"	2.16141795389259	-2.19724515730793	2.41077893708914	-0.9114254001078	0.362071275434418	0.868512742972434
"TRINITY_DN141378_c0_g1_i1"	1.23857708686536	-0.298565475702915	2.310467847955	-0.129222951951994	0.897181235439485	0.974969220414823
"TRINITY_DN143948_c6_g3_i1"	1.93174316660273	-1.9996764046911	2.34192662716861	-0.853859545168033	0.393182817020101	0.881753181364606
"TRINITY_DN137631_c5_g1_i2"	1.09067851756546	1.25457117689751	2.40333563712128	0.522012471965939	0.601661646892611	0.95503597372203
"TRINITY_DN138131_c3_g1_i8"	1.19162328280031	0.390719576819258	2.34256418685988	0.16679140704486	0.867534180160805	0.972238563097009
"TRINITY_DN145422_c2_g1_i12"	1.19162328280031	0.390719576819258	2.34256418685988	0.16679140704486	0.867534180160805	0.972238563097009
"TRINITY_DN145373_c0_g1_i2"	1.50743090078664	-2.15935703868593	2.32166088998879	-0.930091490965487	0.352323716043488	0.867082392081051
"TRINITY_DN145717_c0_g1_i3"	1.30438508687621	-0.778513569286052	2.34109167698587	-0.332542965719471	0.739479301852048	0.969762033608509
"TRINITY_DN141456_c1_g2_i1"	1.28337792737469	-1.27467700416949	2.33425972656624	-0.546073339509901	0.585015525165419	0.95159177698581
"TRINITY_DN141948_c0_g1_i1"	1.0740327014056	-0.921100934375825	2.33846500787325	-0.393891262548134	0.69366132146845	0.955738832541243
"TRINITY_DN146136_c1_g1_i1"	1.0740327014056	-0.921100934375825	2.33846500787325	-0.393891262548134	0.69366132146845	0.955738832541243
"TRINITY_DN145227_c3_g1_i1"	1.19026335580369	-2.60445331491149	2.36347634662936	-1.10195869682631	0.270479628409379	0.772315466546325
"TRINITY_DN144057_c3_g1_i6"	0.793736346807753	-1.06451908717458	2.36431351836126	-0.450244470078746	0.652534174163637	0.955738832541243
"TRINITY_DN145289_c1_g1_i4"	1.06773328934695	-2.41951889665227	2.40183096072364	-1.00736435503492	0.313759714071391	0.824715445121931
"TRINITY_DN613632_c0_g1_i1"	0.866421900597611	-0.452758320800813	2.36861439451785	-0.191149020224111	0.848408843035076	0.972238563097009
"TRINITY_DN129538_c3_g1_i1"	1.71290383143809	0.915444763549742	2.43144470366868	0.376502398828349	0.706543432457984	0.955738832541243
"TRINITY_DN140335_c3_g1_i1"	0.95082503676813	-1.32900252858994	2.33582124986177	-0.568965852446366	0.569379313893714	0.948246951584895
"TRINITY_DN141022_c2_g2_i1"	0.763164568481298	0.52632860645148	2.4372228344855	0.215954240623463	0.82902341657727	0.972238563097009
"TRINITY_DN870186_c0_g1_i2"	0.765477135362758	0.53143449031294	2.43710245487347	0.218059970868369	0.827382385506462	0.972238563097009
"TRINITY_DN144974_c2_g2_i18"	0.792580063367023	-1.06868508980104	2.36444102364122	-0.451982129863099	0.651281856207655	0.955738832541243
"TRINITY_DN92149_c2_g3_i1"	0.655342249467428	0.194989465132557	2.46012024606704	0.0792601359402182	0.936825713419396	0.98353724483643
"TRINITY_DN144728_c2_g1_i2"	0.655342249467428	0.194989465132557	2.46012024606704	0.0792601359402182	0.936825713419396	0.98353724483643
"TRINITY_DN143511_c0_g1_i1"	0.77157290386551	-1.9218393951273	2.40186001156408	-0.800146297400491	0.423626039884874	0.896951224113783
"TRINITY_DN614298_c0_g1_i1"	0.655342249467428	0.194989465132557	2.46012024606704	0.0792601359402182	0.936825713419396	0.98353724483643
"TRINITY_DN135554_c0_g1_i3"	0.77157290386551	-1.9218393951273	2.40186001156408	-0.800146297400491	0.423626039884874	0.896951224113783
"TRINITY_DN138543_c2_g6_i2"	0.756865156422647	-0.90716235766649	2.39571530466729	-0.378660334096949	0.704940112413406	0.955738832541243
"TRINITY_DN143899_c4_g1_i6"	0.670049996910291	-0.718176278722897	2.41082211308141	-0.297896835617189	0.765781903182214	0.971343557639145
"TRINITY_DN138920_c2_g1_i4"	0.562227677896421	-1.41503945437599	2.48654744765985	-0.569078002395539	0.569303205962695	0.948246951584895
"TRINITY_DN143974_c9_g2_i1"	0.547519930453559	-0.254479689025362	2.50049404048696	-0.101771763861434	0.918937838427011	0.981171696031257
"TRINITY_DN144098_c0_g1_i1"	0.548676213894289	-0.250276645483646	2.50017584848131	-0.100103616965852	0.920262063835162	0.981171696031257
"TRINITY_DN143487_c2_g1_i3"	0.562805819616786	-1.4120158707474	2.48601372624675	-0.56798393984702	0.570045873167169	0.948246951584895
"TRINITY_DN143846_c3_g1_i1"	0.43969761143969	-0.950725420869721	2.58299213357814	-0.368071357442622	0.712820027445218	0.955738832541243
"TRINITY_DN137096_c2_g1_i1"	0.43969761143969	-0.950725420869721	2.58299213357814	-0.368071357442622	0.712820027445218	0.955738832541243
"TRINITY_DN145645_c0_g1_i14"	0.440275753160054	-0.947636788469051	2.58242726268622	-0.366955848926148	0.713651951475387	0.955738832541243
"TRINITY_DN138200_c2_g1_i1"	8.01555457225555	-6.44726251480141	3.01707851132154	-2.13692235406144	0.0326043074953862	0.700397880057132
"TRINITY_DN145477_c0_g1_i4"	1.39893098359203	-3.9697797598865	2.48873441411549	-1.59509979745966	0.110689920780836	0.700397880057132
"TRINITY_DN141713_c1_g2_i3"	2.1698262892768	-4.54255728897002	2.63193351061606	-1.72593922705393	0.0843583466374866	0.700397880057132
"TRINITY_DN144474_c1_g1_i1"	1.71047671469708	-4.22023821009992	2.53488551140219	-1.6648634390456	0.0959400038446376	0.700397880057132
"TRINITY_DN145297_c11_g1_i1"	1.06705569116621	-3.59693037129521	2.51643404967732	-1.42937597421098	0.152896200077418	0.700397880057132
"TRINITY_DN143683_c0_g1_i8"	1.20497110324655	-3.7269539165246	2.48341801300149	-1.50073563814581	0.133423951483667	0.700397880057132
"TRINITY_DN145420_c0_g1_i4"	0.94452562470948	-3.42444809704736	2.52177579798206	-1.35795105171032	0.174479216496801	0.733962652266666
"TRINITY_DN32023_c2_g1_i2"	1.37860142227126	-3.90417800720328	2.54952601202812	-1.53133483980324	0.12568665919704	0.700397880057132
"TRINITY_DN140952_c1_g1_i1"	1.03134078422184	-3.53167393427978	2.48568898443043	-1.42080282625907	0.15537408884066	0.701033091316787
"TRINITY_DN145174_c0_g1_i1"	1.47036079748078	-3.98002783553333	2.52335272339755	-1.57727764280788	0.11473165438207	0.700397880057132
"TRINITY_DN144747_c1_g1_i4"	1.2917862627589	-3.8174757579848	2.50443133512998	-1.52428845001122	0.127436671110924	0.700397880057132
"TRINITY_DN140278_c0_g1_i2"	1.34783073102405	-3.86342719157413	2.4965593953578	-1.54750061174509	0.12174257707169	0.700397880057132
"TRINITY_DN145064_c0_g1_i3"	0.699465491796016	-2.99668321135482	2.55862493955475	-1.17120847414092	0.241514989881341	0.767973351692027
"TRINITY_DN145548_c1_g1_i5"	0.699465491796016	-2.99668321135482	2.55862493955475	-1.17120847414092	0.241514989881341	0.767973351692027
"TRINITY_DN131149_c0_g2_i1"	0.576935425339284	-2.71879068017183	2.59997365063869	-1.04569932064656	0.295699876572979	0.817297640876566
"TRINITY_DN144266_c6_g1_i2"	0.857710465197123	-3.1828164503996	2.56245161331003	-1.24209816640722	0.214200345007568	0.767973351692027
"TRINITY_DN140714_c1_g2_i12"	0.735180398740391	-2.98938951893865	2.54986045245198	-1.17237377287217	0.241047024554746	0.767973351692027
"TRINITY_DN145565_c2_g1_i1"	0.750565744363996	-3.02931510184075	2.5700559698894	-1.17869615966812	0.238519185398454	0.767973351692027
"TRINITY_DN143926_c4_g2_i1"	0.541220518394908	-2.56552278097819	2.63635124427293	-0.973133904881376	0.330486755082613	0.840313406104004
"TRINITY_DN144558_c2_g1_i2"	0.454405358882552	-2.36824349845301	2.66725320053256	-0.887896019013173	0.374596686343678	0.881753181364606
"TRINITY_DN144720_c1_g1_i6"	0.33187529242582	-1.9098118434169	2.77481044113473	-0.68826749932363	0.491284344391288	0.913358790855523
"TRINITY_DN134023_c3_g2_i2"	0.33187529242582	-1.9098118434169	2.77481044113473	-0.68826749932363	0.491284344391288	0.913358790855523
"TRINITY_DN139539_c6_g2_i2"	0.33187529242582	-1.9098118434169	2.77481044113473	-0.68826749932363	0.491284344391288	0.913358790855523
"TRINITY_DN144690_c1_g2_i6"	20.3727066524379	0.491312412409958	2.50071874371647	0.196468480769568	0.844243500582638	0.972238563097009
"TRINITY_DN145548_c0_g2_i1"	1.21414590991203	3.47736867476514	2.352736636199	1.47801016963082	0.139405056247902	0.700397880057132
"TRINITY_DN145391_c5_g1_i9"	17.6455254394063	7.43943076996481	2.63827403985533	2.81980971558692	0.00480521346056508	0.700397880057132
"TRINITY_DN141567_c4_g1_i3"	11.2603341622187	6.77459988779284	2.86705063489254	2.36291602434387	0.0181317776590821	0.700397880057132
"TRINITY_DN138484_c2_g1_i1"	6.18246166397787	5.89595381916397	2.73779202601461	2.1535433528699	0.0312760007665374	0.700397880057132
"TRINITY_DN85531_c0_g1_i1"	1.90296427914372	4.24937556158716	2.30643818393175	1.84239733420616	0.0654170514560843	0.700397880057132
"TRINITY_DN144738_c1_g2_i2"	1.42863426449903	3.75322496414106	2.34226215594794	1.60239320547878	0.109068686376315	0.700397880057132
"TRINITY_DN145252_c3_g1_i1"	385.378021720359	10.4685810426119	2.92681611077621	3.57678126892487	NA	NA
"TRINITY_DN145272_c4_g1_i1"	210.305599704069	6.12429064544709	2.96075359213564	2.06849048894662	NA	NA
"TRINITY_DN143018_c39_g5_i2"	428.001129689619	0.645625912297082	3.12427117500381	0.206648487321621	NA	NA
"TRINITY_DN145347_c5_g1_i1"	122.836730955807	8.71845414350169	2.97569425859043	2.92988909002754	NA	NA
"TRINITY_DN144291_c5_g7_i1"	118.195444669726	5.6174169026908	2.92637810485676	1.91958000689243	NA	NA
"TRINITY_DN612198_c2_g1_i1"	68.523670717056	5.36293045391142	2.83570466773193	1.8912161463559	0.0585954968382553	0.700397880057132
"TRINITY_DN145291_c1_g1_i13"	68.3612151173019	5.36112976590356	2.9246263488592	1.83309904459924	NA	NA
"TRINITY_DN145839_c0_g1_i20"	68.0207165946531	7.022795668523	2.95916108597356	2.37323872019374	NA	NA
"TRINITY_DN145291_c1_g1_i10"	64.7586314102289	5.52308025806496	2.94111683877163	1.87788536152535	NA	NA
"TRINITY_DN144415_c2_g1_i4"	63.235844187032	4.16556094545379	2.911717631317	1.43061981720036	0.15253920472086	0.700397880057132
"TRINITY_DN144673_c2_g1_i6"	46.2186725230699	6.8556200053469	2.94853179869871	2.32509617443248	NA	NA
"TRINITY_DN145330_c0_g1_i15"	38.7831639747363	5.63604624309357	2.94907512810883	1.91112331773922	NA	NA
"TRINITY_DN140265_c7_g4_i1"	39.3621988772034	1.58962064962904	2.8832319545967	0.551332905108355	0.581405485640433	0.95159177698581
"TRINITY_DN145601_c1_g1_i10"	32.1277689110601	6.32423627527433	2.91053444226039	2.17287800599356	NA	NA
"TRINITY_DN144904_c4_g1_i4"	23.3868297001528	4.88187033803756	2.75832487000388	1.76986778864474	NA	NA
"TRINITY_DN615414_c0_g1_i1"	22.2304426390369	6.82444272890333	2.81756606920331	2.42210566186759	0.0154308631017688	0.700397880057132
"TRINITY_DN139686_c3_g9_i1"	21.7827224416603	4.35789237789307	2.706196157589	1.61033869096008	0.107323936988387	0.700397880057132
"TRINITY_DN140597_c1_g8_i2"	21.2954928844352	5.49399762649962	2.77008563795221	1.98333132782171	0.0473304322768546	0.700397880057132
"TRINITY_DN145595_c1_g1_i27"	18.4466576188513	0.754024015764957	2.7599235238545	0.273204677320874	0.784695884726496	0.972238563097009
"TRINITY_DN145467_c1_g1_i7"	16.7015782404204	0.923407020403958	2.78066278169754	0.332081626899122	0.739827623263478	0.969762033608509
"TRINITY_DN145291_c1_g1_i22"	15.555471741004	4.85245378518978	2.77130310770822	1.75096465330442	NA	NA
"TRINITY_DN70273_c9_g3_i1"	17.0252697388069	0.0172561321840251	2.83313347309765	0.00609082923479699	0.995140251439075	0.995140251439075
"TRINITY_DN144868_c24_g1_i1"	14.7823954414988	0.29677656568887	2.81024156757223	0.105605357601074	0.915895473774577	0.981171696031257
"TRINITY_DN151468_c5_g1_i1"	20.3196638848392	-5.41027134743409	2.88636088295437	-1.87442650688099	NA	NA
"TRINITY_DN145290_c2_g1_i6"	10.527251123065	3.05539216193081	2.69961679017286	1.13178736072951	0.257723842773003	0.767973351692027
"TRINITY_DN142739_c1_g1_i1"	11.8302576830139	3.0725851558818	2.74006699046775	1.12135402768284	0.26213719651004	0.767973351692027
"TRINITY_DN143841_c3_g1_i3"	9.71818484686382	3.07137085775788	2.83001520781778	1.08528422365836	NA	NA
"TRINITY_DN145797_c2_g1_i3"	8.77293272839106	2.94561438656407	2.64543562543514	1.11347044631999	0.265506434239522	0.768144569288387
"TRINITY_DN145673_c1_g1_i3"	9.53349300597469	1.04123412987427	2.78571194549416	0.373776668315777	0.70857047938207	0.955738832541243
"TRINITY_DN145367_c3_g1_i1"	12.1219507285494	3.44950805975534	2.72117352877635	1.26765457008782	0.204921335052476	0.767973351692027
"TRINITY_DN142196_c2_g1_i1"	13.1382599141523	-2.78451793475007	2.81341086918248	-0.989730282644139	0.322305969261106	0.828693715596823
"TRINITY_DN133276_c1_g1_i1"	16.6624010956618	2.34475291185405	2.80350060278169	0.836366116535713	0.402948968325249	0.889508042919238
"TRINITY_DN138681_c7_g1_i1"	23.0902779181318	5.11754762309848	2.87368822111499	1.78082910508395	0.0749403731375543	0.700397880057132
"TRINITY_DN145091_c0_g1_i5"	11.5477970554746	-3.21697536187483	2.80024533439928	-1.14881911322422	0.250630576396788	0.767973351692027
"TRINITY_DN145245_c6_g1_i5"	10.3739262060513	0.615452406755976	2.80807441711303	0.219172399066518	0.826515755138746	0.972238563097009
"TRINITY_DN142728_c2_g1_i1"	4.69981584113075	3.0107777636295	2.48465938437144	1.21174668148373	0.22560936383806	0.767973351692027
"TRINITY_DN144057_c3_g1_i1"	5.7521099539043	2.98194623340802	2.59955685705559	1.14709790836641	0.251341158244774	0.767973351692027
"TRINITY_DN144056_c2_g3_i1"	4.96026534990881	-1.30025101773702	2.53825039398092	-0.512262706949783	0.608467161712598	0.955738832541243
"TRINITY_DN142405_c1_g1_i4"	4.16045004162767	3.25205149678611	2.53748136270034	1.28160606205412	0.199980872574913	0.767973351692027
"TRINITY_DN144025_c2_g1_i1"	7.73527716614815	0.658605106224966	2.83089596964349	0.232648996391029	0.816033977420737	0.972238563097009
"TRINITY_DN142526_c5_g1_i7"	3.9295195144367	3.66977936179149	2.55706795970771	1.43515128249112	0.151243992705874	0.700397880057132
"TRINITY_DN140335_c2_g3_i2"	3.74412271744879	2.28384598735833	2.39271337045542	0.954500449388819	0.339830381938798	0.848782650285097
"TRINITY_DN145394_c1_g1_i1"	4.86481749890323	-1.08847079277594	2.55529863987392	-0.42596617702174	0.670132492099206	0.955738832541243
"TRINITY_DN145062_c3_g1_i3"	3.24276355450119	5.02333000191697	2.58295783787866	1.94479752176	0.051799352516603	0.700397880057132
"TRINITY_DN145457_c2_g1_i4"	3.0300208763581	1.04152923500453	2.38852492749875	0.436055417723945	0.662796522292208	0.955738832541243
"TRINITY_DN143173_c7_g3_i1"	3.02225082955962	1.30095182498584	2.33469738106622	0.557225032904144	0.577373688385299	0.951411425643601
"TRINITY_DN144754_c1_g1_i1"	2.97616146020185	-1.76389954373434	2.40995696113038	-0.731921595357865	0.46421642434685	0.913358790855523
"TRINITY_DN120464_c0_g1_i1"	2.41249120587779	2.91871287391371	2.46733479869848	1.18294155922955	0.236832309403521	0.767973351692027
"TRINITY_DN140481_c3_g1_i5"	2.47193964696462	2.39642767459848	2.35119891011724	1.01923646880178	0.308090717041826	0.824715445121931
"TRINITY_DN142694_c6_g2_i1"	2.36932060343403	2.31629546842322	2.44562178100652	0.947119250577631	0.343578016323062	0.851085412983271
"TRINITY_DN145537_c1_g1_i9"	2.96637721590304	-0.71267381329861	2.39792646602512	-0.297204198458997	0.766310616712677	0.971343557639145
"TRINITY_DN143140_c4_g1_i1"	2.25854742895297	3.39042872408121	2.47596746065702	1.36933492784333	0.170894604757962	0.733962652266666
"TRINITY_DN133942_c0_g1_i2"	1.9693961422641	-0.31723053905236	2.33009885819056	-0.136144669543637	0.891706915066865	0.97393925305574
"TRINITY_DN143050_c3_g1_i3"	2.13703014924643	0.731405071811598	2.3330592396137	0.313496142486592	0.753903750949123	0.969762033608509
"TRINITY_DN137072_c1_g1_i18"	1.74391184370733	3.11926065886657	2.33676233743047	1.33486431585359	0.181920758749997	0.749228319720478
"TRINITY_DN145841_c0_g1_i8"	1.51760645027928	3.94918848582525	2.76616678556246	1.42767547728408	0.153385287716997	0.700397880057132
"TRINITY_DN143457_c1_g1_i1"	1.61566050691231	2.87823109468817	2.3361582141511	1.23203603131565	0.217935624920356	0.767973351692027
"TRINITY_DN145645_c0_g1_i6"	2.99905769695923	1.79586638470393	2.42751121655337	0.739797358075129	0.459422962325235	0.913358790855523
"TRINITY_DN145391_c5_g1_i6"	1.53405987416606	-1.22696846745089	2.51541072586816	-0.487780565946111	0.62570527829313	0.955738832541243
"TRINITY_DN145014_c1_g1_i1"	1.30915371732966	2.684809594382	2.40070523991103	1.11834203955897	0.263420938575102	0.767973351692027
"TRINITY_DN132978_c2_g1_i3"	2.11960727844546	-1.01832776867642	2.35838340441241	-0.43179059298466	0.665893617158573	0.955738832541243
"TRINITY_DN145304_c3_g1_i2"	1.20422210691762	2.56295499605012	2.32845977412199	1.10070829847879	0.271023633379054	0.772315466546325
"TRINITY_DN144825_c5_g1_i5"	1.21603914575865	1.80454590830997	2.37193950922043	0.760789177504386	0.446782999602159	0.913358790855523
"TRINITY_DN130289_c0_g1_i1"	1.20537839035835	2.5619989719269	2.35755245944022	1.08671981472481	0.277160654287478	0.78390961175339
"TRINITY_DN144056_c2_g3_i3"	1.26189681324834	0.0951832388111325	2.26210870100235	0.0420772170536971	0.966437142239696	0.99364743441072
"TRINITY_DN145708_c0_g1_i3"	1.19124878463585	3.6280374368437	2.48419220851693	1.46044956763214	0.144166558419879	0.700397880057132
"TRINITY_DN142340_c0_g1_i1"	1.23421574352371	1.17671825497807	2.32846083594605	0.505363129502658	0.613303810369661	0.955738832541243
"TRINITY_DN144196_c3_g1_i2"	2.13721609725417	0.351091420987095	2.40949512050375	0.1457116131921	0.884149053221771	0.97393925305574
"TRINITY_DN143091_c2_g2_i10"	1.12408085762838	0.989484779713827	2.27715380529864	0.434526986017117	0.663905802712096	0.955738832541243
"TRINITY_DN145700_c5_g7_i2"	1.18032423881428	2.36507740173311	2.39604687790569	0.987074761993116	0.323605989204036	0.828693715596823
"TRINITY_DN145389_c1_g1_i12"	1.78946168054559	-1.88140371216613	2.38780963928439	-0.78792031040212	0.430743320171989	0.901943195277258
"TRINITY_DN142591_c7_g1_i1"	1.0759707701226	2.20960121075398	2.39691831128122	0.921850861731238	0.356606373160095	0.868191322537911
"TRINITY_DN142590_c2_g1_i1"	1.86227709818999	-1.19948661873694	2.40746177641222	-0.498237035573832	0.618316981380043	0.955738832541243
"TRINITY_DN145021_c4_g1_i1"	0.92198768360277	-0.119729882955666	2.33177107599546	-0.0513471859172761	0.959048868744366	0.99364743441072
"TRINITY_DN137854_c1_g2_i2"	0.880177008155642	2.07470183133898	2.37111696798936	0.874989238973845	0.381579760914493	0.881753181364606
"TRINITY_DN147329_c0_g1_i1"	0.951403178488495	-1.4485307816756	2.3637621590172	-0.61280733179935	0.540003742396168	0.931278714070536
"TRINITY_DN137096_c3_g3_i1"	0.784749869703176	1.00462055895343	2.40612720141263	0.417525955553646	0.67629374335856	0.955738832541243
"TRINITY_DN139720_c6_g2_i1"	0.859169848654129	1.81812113232787	2.41289710352593	0.75350131162704	0.451148723420963	0.913358790855523
"TRINITY_DN133479_c0_g1_i1"	0.663376086687174	1.61540338973123	2.4202484400581	0.667453540303677	0.504482476556541	0.913358790855523
"TRINITY_DN140808_c1_g1_i13"	0.692213439852534	-0.0637545389547789	2.3972482255237	-0.0265948841992995	0.978782853635544	0.99364743441072
"TRINITY_DN143099_c2_g1_i1"	0.75019124619953	1.5725218275374	2.40561311382413	0.65368858296487	0.513312460296112	0.913358790855523
"TRINITY_DN143469_c1_g1_i1"	0.851136011434384	0.304612927316594	2.37149828469502	0.128447458420055	0.897794875790958	0.974969220414823
"TRINITY_DN144236_c2_g1_i14"	0.691057156411804	-0.0543972303048851	2.57722645648715	-0.0211068880532254	0.983160390248074	0.99364743441072
"TRINITY_DN142324_c2_g1_i4"	0.692213439852534	-0.0637545389547789	2.3972482255237	-0.0265948841992995	0.978782853635544	0.99364743441072
"TRINITY_DN142178_c2_g1_i3"	0.663376086687174	1.61540338973123	2.4202484400581	0.667453540303677	0.504482476556541	0.913358790855523
"TRINITY_DN135774_c6_g7_i1"	0.569683373395802	0.408819273439093	2.46726632582599	0.165697261442673	0.86839520131652	0.972238563097009
"TRINITY_DN143049_c3_g5_i1"	0.743313692420514	-0.0296492266503099	2.41835410789157	-0.0122600848873035	0.990218112606965	0.993950792556059
"TRINITY_DN145228_c1_g1_i7"	0.55497562595294	1.34537359590647	2.46137148399354	0.546595101412169	0.584656935243405	0.95159177698581
"TRINITY_DN143620_c2_g1_i2"	0.74273555070015	-0.0312291557232992	2.41839880072483	-0.0129131538247287	0.989697080267296	0.993950792556059
"TRINITY_DN141869_c2_g1_i3"	0.44599702349834	1.00231153585535	2.71073171243399	0.369756819259464	0.711563691701331	0.955738832541243
"TRINITY_DN142511_c2_g2_i11"	0.533968466451426	0.967558637724623	2.50057390422795	0.386934629721874	0.698804603339136	0.955738832541243
"TRINITY_DN141159_c10_g1_i1"	0.533390324731061	0.965969326316278	2.50070517217636	0.386278773309208	0.699290219317286	0.955738832541243
"TRINITY_DN140874_c2_g1_i5"	0.533390324731061	0.965969326316278	2.50070517217636	0.386278773309208	0.699290219317286	0.955738832541243
"TRINITY_DN144231_c2_g2_i1"	0.446575165218705	1.01051045760565	2.52884418089542	0.399593800693503	0.689455723229146	0.955738832541243
"TRINITY_DN140265_c7_g4_i2"	0.338752846204836	0.561642850977152	2.60275316740745	0.21578798097731	0.829153017405927	0.972238563097009
"TRINITY_DN144797_c1_g1_i1"	0.533390324731061	0.965969326316278	2.50070517217636	0.386278773309208	0.699290219317286	0.955738832541243
"TRINITY_DN135893_c0_g2_i1"	0.338752846204836	0.561642850977152	2.60275316740745	0.21578798097731	0.829153017405927	0.972238563097009
"TRINITY_DN136312_c3_g1_i18"	0.425568005717192	0.515534568318921	2.56922318292269	0.200657759802892	0.840966190663542	0.972238563097009
"TRINITY_DN144751_c7_g1_i5"	0.338752846204836	0.561642850977152	2.60275316740745	0.21578798097731	0.829153017405927	0.972238563097009
"TRINITY_DN145366_c17_g1_i3"	0.338752846204836	0.561642850977152	2.60275316740745	0.21578798097731	0.829153017405927	0.972238563097009
"TRINITY_DN142969_c1_g1_i4"	0.230930527190966	-0.131085227394683	2.86536319793125	-0.0457482065412598	0.963510940742338	0.99364743441072
"TRINITY_DN144933_c6_g1_i2"	77.2013585556509	22.9089918593122	3.28783553820501	6.96780346617317	NA	NA
"TRINITY_DN145055_c3_g1_i3"	20.1335786105493	7.63096966478862	2.91508804497843	2.61774929163249	0.00885118092169151	0.700397880057132
"TRINITY_DN142424_c1_g1_i2"	7.76378511071897	6.26150540100826	3.02335669697296	2.07104421627702	0.038354664164374	0.700397880057132
"TRINITY_DN143863_c3_g1_i1"	7.26225272747334	6.16588187027004	3.00296227551626	2.05326650971998	0.0400467370520701	0.700397880057132
"TRINITY_DN143018_c49_g12_i1"	6.64425560715215	6.03684327144742	2.97413518936204	2.02978105805014	0.0423787991997191	0.700397880057132
"TRINITY_DN141904_c4_g1_i1"	16.1208275972707	7.29816608500086	3.14099708003896	2.32351890149173	0.0201512934540949	0.700397880057132
"TRINITY_DN851511_c0_g1_i1"	14.1009279282259	7.10373553366355	3.07444895395745	2.31057195616131	0.0208565097490312	0.700397880057132
"TRINITY_DN125192_c2_g1_i1"	3.23524771213645	5.01687360361056	2.71094449990816	1.85059989379366	0.0642271350151707	0.700397880057132
"TRINITY_DN144483_c7_g1_i1"	8.4988841727455	6.36854204711852	2.99177076540257	2.12868650257754	0.0332802062866975	0.700397880057132
"TRINITY_DN144624_c4_g1_i1"	3.02711891647345	4.92656391183264	2.56564383464861	1.92020569858536	0.0548319221072622	0.700397880057132
"TRINITY_DN144187_c0_g1_i10"	2.7076989514744	4.76868656551053	2.58045255390756	1.84800397057847	0.064601768437683	0.700397880057132
"TRINITY_DN144555_c1_g1_i8"	2.6961361170671	4.76037790201734	2.66014297267783	1.78951956752359	0.0735311790435036	0.700397880057132
"TRINITY_DN144119_c3_g1_i2"	4.95746825801759	5.58942290959723	2.78827966858925	2.00461344411167	0.0450043882589349	0.700397880057132
"TRINITY_DN140586_c3_g1_i1"	2.15702452199775	4.44814056013195	2.6058403484405	1.7069889039035	0.0878241148298569	0.700397880057132
"TRINITY_DN145575_c0_g1_i3"	1.94716130117366	4.3099619182577	2.48178305070989	1.73663927514731	0.0824508624847256	0.700397880057132
"TRINITY_DN142823_c1_g1_i2"	5.50858363257592	5.73099709721276	2.88604226738277	1.98576339715563	0.0470596018195589	0.700397880057132
"TRINITY_DN141973_c7_g1_i4"	1.72631338766264	4.14031665526681	2.52013908336896	1.64289212551395	0.100405254555665	0.700397880057132
"TRINITY_DN141840_c6_g1_i2"	1.72631338766264	4.14031665526681	2.52013908336896	1.64289212551395	0.100405254555665	0.700397880057132
"TRINITY_DN141142_c7_g8_i1"	1.2944459698868	3.74016237227158	2.52991918928552	1.47837226900827	0.139308163690315	0.700397880057132
"TRINITY_DN134643_c0_g1_i1"	1.19182692635621	3.62589139325245	2.52634914370792	1.43522972756281	0.151221645050493	0.700397880057132
"TRINITY_DN143018_c44_g10_i2"	1.36096197547255	3.75042637286986	2.54454673248396	1.47390744488655	0.14050651297191	0.700397880057132
"TRINITY_DN141713_c1_g2_i1"	2.94957236846182	4.79783587897354	2.70620670192289	1.77290074537339	0.0762451551471105	0.700397880057132
"TRINITY_DN142544_c1_g1_i1"	0.97097901284519	3.34443631482035	2.52785574939154	1.32303289680408	0.185824438136477	0.749228319720478
"TRINITY_DN136903_c2_g1_i6"	0.86546926071278	3.19052950915568	2.47983532246257	1.28658926673702	0.198237486734732	0.767973351692027
"TRINITY_DN144608_c1_g1_i5"	0.86662554415351	3.18774599733736	2.53566645594787	1.25716297972074	0.208694625548947	0.767973351692027
"TRINITY_DN135288_c5_g1_i3"	0.758225083419275	3.00438430690205	2.55011328776687	1.17813758365731	0.238741760860215	0.767973351692027
"TRINITY_DN131100_c0_g1_i5"	0.756490658258181	3.00583869077784	2.49909018531517	1.20277319659785	0.229064099713388	0.767973351692027
"TRINITY_DN143165_c1_g1_i4"	0.758225083419275	3.00438430690205	2.55011328776687	1.17813758365731	0.238741760860215	0.767973351692027
"TRINITY_DN144422_c2_g1_i2"	1.67064487812514	3.92178369107599	2.62189318437047	1.49578316708491	0.134710169261938	0.700397880057132
"TRINITY_DN102902_c0_g1_i1"	0.433023701216572	2.27776956143512	2.66048539421538	0.856148117327614	0.391915856266597	0.881753181364606
"TRINITY_DN142116_c1_g1_i3"	0.433023701216572	2.27776956143512	2.66048539421538	0.856148117327614	0.391915856266597	0.881753181364606
"TRINITY_DN143715_c2_g2_i3"	0.71576248655043	2.72951692790349	2.59131599089593	1.0533323367328	0.292188703408058	0.815925682668415
"TRINITY_DN136922_c1_g3_i3"	0.432445559496208	2.27776247895399	2.63897310245363	0.863124552817991	0.388068989787668	0.881753181364606
"TRINITY_DN131424_c0_g1_i4"	0.433023701216572	2.27776956143512	2.66048539421538	0.856148117327614	0.391915856266597	0.881753181364606
"TRINITY_DN141259_c3_g4_i1"	0.324045098761973	1.94632013504683	2.72098462135601	0.715299939503841	0.474423725939793	0.913358790855523
"TRINITY_DN131740_c0_g1_i1"	0.324045098761973	1.94632013504683	2.72098462135601	0.715299939503841	0.474423725939793	0.913358790855523
"TRINITY_DN140755_c12_g6_i2"	0.324045098761973	1.94632013504683	2.72098462135601	0.715299939503841	0.474423725939793	0.913358790855523
"TRINITY_DN141805_c2_g2_i2"	0.324045098761973	1.94632013504683	2.72098462135601	0.715299939503841	0.474423725939793	0.913358790855523
"TRINITY_DN144097_c8_g2_i5"	0.216222779748104	1.50188293365705	2.81320081901761	0.533869791130487	0.593431623716542	0.953010955036311
"TRINITY_DN143590_c3_g1_i4"	0.216222779748104	1.50188293365705	2.81320081901761	0.533869791130487	0.593431623716542	0.953010955036311
